# Quantum-safety classification of JDK algorithm names, used by the pqc rule pack.
# Generated from the provider registry of JDK 26 (Oracle, Windows: SUN, SunRsaSign, SunEC,
# SunJSSE, SunJCE, SunMSCAPI) plus its TLS parameters and XML DSig SignatureMethod constants.
# PqcCatalogCompletenessTest fails when the running JDK exposes a name this file and the
# NOT_ASYMMETRIC prefixes in PqcCatalog do not classify: add the name here, do not widen a prefix.
# Columns (tab-separated): request type, classification, family, role, names (canonical first,
# then aliases and OIDs, comma-separated). Role is - for POST_QUANTUM.
SIGNATURE	VULNERABLE	EDDSA	SIGNATURE	Ed25519,1.3.101.112,OID.1.3.101.112
SIGNATURE	VULNERABLE	EDDSA	SIGNATURE	Ed448,1.3.101.113,OID.1.3.101.113
SIGNATURE	VULNERABLE	EDDSA	SIGNATURE	EdDSA
SIGNATURE	POST_QUANTUM	HSS_LMS	-	HSS/LMS,1.2.840.113549.1.9.16.3.17,OID.1.2.840.113549.1.9.16.3.17
SIGNATURE	VULNERABLE	RSA	SIGNATURE	MD2withRSA,1.2.840.113549.1.1.2,OID.1.2.840.113549.1.1.2
SIGNATURE	VULNERABLE	RSA	SIGNATURE	MD5andSHA1withRSA
SIGNATURE	VULNERABLE	RSA	SIGNATURE	MD5withRSA,1.2.840.113549.1.1.4,OID.1.2.840.113549.1.1.4
SIGNATURE	POST_QUANTUM	ML_DSA	-	ML-DSA
SIGNATURE	POST_QUANTUM	ML_DSA	-	ML-DSA-44,2.16.840.1.101.3.4.3.17,OID.2.16.840.1.101.3.4.3.17
SIGNATURE	POST_QUANTUM	ML_DSA	-	ML-DSA-65,2.16.840.1.101.3.4.3.18,OID.2.16.840.1.101.3.4.3.18
SIGNATURE	POST_QUANTUM	ML_DSA	-	ML-DSA-87,2.16.840.1.101.3.4.3.19,OID.2.16.840.1.101.3.4.3.19
SIGNATURE	VULNERABLE	DSA	SIGNATURE	NONEwithDSA,RawDSA
SIGNATURE	VULNERABLE	DSA	SIGNATURE	NONEwithDSAinP1363Format
SIGNATURE	VULNERABLE	EC	SIGNATURE	NONEwithECDSA
SIGNATURE	VULNERABLE	EC	SIGNATURE	NONEwithECDSAinP1363Format
SIGNATURE	VULNERABLE	RSA	SIGNATURE	NONEwithRSA
SIGNATURE	VULNERABLE	RSASSA_PSS	SIGNATURE	RSASSA-PSS,1.2.840.113549.1.1.10,OID.1.2.840.113549.1.1.10,PSS
SIGNATURE	VULNERABLE	DSA	SIGNATURE	SHA1withDSA,1.2.840.10040.4.3,1.3.14.3.2.13,1.3.14.3.2.27,DSA,DSAWithSHA1,DSS,OID.1.2.840.10040.4.3,SHA-1/DSA,SHA/DSA,SHA1/DSA,SHAwithDSA
SIGNATURE	VULNERABLE	DSA	SIGNATURE	SHA1withDSAinP1363Format
SIGNATURE	VULNERABLE	EC	SIGNATURE	SHA1withECDSA,1.2.840.10045.4.1,OID.1.2.840.10045.4.1
SIGNATURE	VULNERABLE	EC	SIGNATURE	SHA1withECDSAinP1363Format
SIGNATURE	VULNERABLE	RSA	SIGNATURE	SHA1withRSA,1.2.840.113549.1.1.5,1.3.14.3.2.29,OID.1.2.840.113549.1.1.5
SIGNATURE	VULNERABLE	DSA	SIGNATURE	SHA224withDSA,2.16.840.1.101.3.4.3.1,OID.2.16.840.1.101.3.4.3.1
SIGNATURE	VULNERABLE	DSA	SIGNATURE	SHA224withDSAinP1363Format
SIGNATURE	VULNERABLE	EC	SIGNATURE	SHA224withECDSA,1.2.840.10045.4.3.1,OID.1.2.840.10045.4.3.1
SIGNATURE	VULNERABLE	EC	SIGNATURE	SHA224withECDSAinP1363Format
SIGNATURE	VULNERABLE	RSA	SIGNATURE	SHA224withRSA,1.2.840.113549.1.1.14,OID.1.2.840.113549.1.1.14
SIGNATURE	VULNERABLE	DSA	SIGNATURE	SHA256withDSA,2.16.840.1.101.3.4.3.2,OID.2.16.840.1.101.3.4.3.2
SIGNATURE	VULNERABLE	DSA	SIGNATURE	SHA256withDSAinP1363Format
SIGNATURE	VULNERABLE	EC	SIGNATURE	SHA256withECDSA,1.2.840.10045.4.3.2,OID.1.2.840.10045.4.3.2
SIGNATURE	VULNERABLE	EC	SIGNATURE	SHA256withECDSAinP1363Format
SIGNATURE	VULNERABLE	RSA	SIGNATURE	SHA256withRSA,1.2.840.113549.1.1.11,OID.1.2.840.113549.1.1.11
SIGNATURE	VULNERABLE	DSA	SIGNATURE	SHA3-224withDSA,2.16.840.1.101.3.4.3.5,OID.2.16.840.1.101.3.4.3.5
SIGNATURE	VULNERABLE	DSA	SIGNATURE	SHA3-224withDSAinP1363Format
SIGNATURE	VULNERABLE	EC	SIGNATURE	SHA3-224withECDSA,2.16.840.1.101.3.4.3.9,OID.2.16.840.1.101.3.4.3.9
SIGNATURE	VULNERABLE	EC	SIGNATURE	SHA3-224withECDSAinP1363Format
SIGNATURE	VULNERABLE	RSA	SIGNATURE	SHA3-224withRSA,2.16.840.1.101.3.4.3.13,OID.2.16.840.1.101.3.4.3.13
SIGNATURE	VULNERABLE	DSA	SIGNATURE	SHA3-256withDSA,2.16.840.1.101.3.4.3.6,OID.2.16.840.1.101.3.4.3.6
SIGNATURE	VULNERABLE	DSA	SIGNATURE	SHA3-256withDSAinP1363Format
SIGNATURE	VULNERABLE	EC	SIGNATURE	SHA3-256withECDSA,2.16.840.1.101.3.4.3.10,OID.2.16.840.1.101.3.4.3.10
SIGNATURE	VULNERABLE	EC	SIGNATURE	SHA3-256withECDSAinP1363Format
SIGNATURE	VULNERABLE	RSA	SIGNATURE	SHA3-256withRSA,2.16.840.1.101.3.4.3.14,OID.2.16.840.1.101.3.4.3.14
SIGNATURE	VULNERABLE	DSA	SIGNATURE	SHA3-384withDSA,2.16.840.1.101.3.4.3.7,OID.2.16.840.1.101.3.4.3.7
SIGNATURE	VULNERABLE	DSA	SIGNATURE	SHA3-384withDSAinP1363Format
SIGNATURE	VULNERABLE	EC	SIGNATURE	SHA3-384withECDSA,2.16.840.1.101.3.4.3.11,OID.2.16.840.1.101.3.4.3.11
SIGNATURE	VULNERABLE	EC	SIGNATURE	SHA3-384withECDSAinP1363Format
SIGNATURE	VULNERABLE	RSA	SIGNATURE	SHA3-384withRSA,2.16.840.1.101.3.4.3.15,OID.2.16.840.1.101.3.4.3.15
SIGNATURE	VULNERABLE	DSA	SIGNATURE	SHA3-512withDSA,2.16.840.1.101.3.4.3.8,OID.2.16.840.1.101.3.4.3.8
SIGNATURE	VULNERABLE	DSA	SIGNATURE	SHA3-512withDSAinP1363Format
SIGNATURE	VULNERABLE	EC	SIGNATURE	SHA3-512withECDSA,2.16.840.1.101.3.4.3.12,OID.2.16.840.1.101.3.4.3.12
SIGNATURE	VULNERABLE	EC	SIGNATURE	SHA3-512withECDSAinP1363Format
SIGNATURE	VULNERABLE	RSA	SIGNATURE	SHA3-512withRSA,2.16.840.1.101.3.4.3.16,OID.2.16.840.1.101.3.4.3.16
SIGNATURE	VULNERABLE	DSA	SIGNATURE	SHA384withDSA,2.16.840.1.101.3.4.3.3,OID.2.16.840.1.101.3.4.3.3
SIGNATURE	VULNERABLE	DSA	SIGNATURE	SHA384withDSAinP1363Format
SIGNATURE	VULNERABLE	EC	SIGNATURE	SHA384withECDSA,1.2.840.10045.4.3.3,OID.1.2.840.10045.4.3.3
SIGNATURE	VULNERABLE	EC	SIGNATURE	SHA384withECDSAinP1363Format
SIGNATURE	VULNERABLE	RSA	SIGNATURE	SHA384withRSA,1.2.840.113549.1.1.12,OID.1.2.840.113549.1.1.12
SIGNATURE	VULNERABLE	RSA	SIGNATURE	SHA512/224withRSA,1.2.840.113549.1.1.15,OID.1.2.840.113549.1.1.15
SIGNATURE	VULNERABLE	RSA	SIGNATURE	SHA512/256withRSA,1.2.840.113549.1.1.16,OID.1.2.840.113549.1.1.16
SIGNATURE	VULNERABLE	DSA	SIGNATURE	SHA512withDSA,2.16.840.1.101.3.4.3.4,OID.2.16.840.1.101.3.4.3.4
SIGNATURE	VULNERABLE	DSA	SIGNATURE	SHA512withDSAinP1363Format
SIGNATURE	VULNERABLE	EC	SIGNATURE	SHA512withECDSA,1.2.840.10045.4.3.4,OID.1.2.840.10045.4.3.4
SIGNATURE	VULNERABLE	EC	SIGNATURE	SHA512withECDSAinP1363Format
SIGNATURE	VULNERABLE	RSA	SIGNATURE	SHA512withRSA,1.2.840.113549.1.1.13,OID.1.2.840.113549.1.1.13
KEY_AGREEMENT	VULNERABLE	DH	KEY_ESTABLISHMENT	DiffieHellman,1.2.840.113549.1.3.1,DH,OID.1.2.840.113549.1.3.1
KEY_AGREEMENT	VULNERABLE	EC	KEY_ESTABLISHMENT	ECDH
KEY_AGREEMENT	VULNERABLE	XDH	KEY_ESTABLISHMENT	X25519,1.3.101.110,OID.1.3.101.110
KEY_AGREEMENT	VULNERABLE	XDH	KEY_ESTABLISHMENT	X448,1.3.101.111,OID.1.3.101.111
KEY_AGREEMENT	VULNERABLE	XDH	KEY_ESTABLISHMENT	XDH
KEM	VULNERABLE	DHKEM	KEY_ESTABLISHMENT	DHKEM
KEM	POST_QUANTUM	ML_KEM	-	ML-KEM
KEM	POST_QUANTUM	ML_KEM	-	ML-KEM-1024,2.16.840.1.101.3.4.4.3,OID.2.16.840.1.101.3.4.4.3
KEM	POST_QUANTUM	ML_KEM	-	ML-KEM-512,2.16.840.1.101.3.4.4.1,OID.2.16.840.1.101.3.4.4.1
KEM	POST_QUANTUM	ML_KEM	-	ML-KEM-768,2.16.840.1.101.3.4.4.2,OID.2.16.840.1.101.3.4.4.2
CIPHER	VULNERABLE	HPKE	KEY_ESTABLISHMENT	HPKE
CIPHER	VULNERABLE	RSA	KEY_ESTABLISHMENT	RSA
KEY_PAIR_GENERATOR	VULNERABLE	DSA	SIGNATURE	DSA,1.2.840.10040.4.1,1.3.14.3.2.12,OID.1.2.840.10040.4.1
KEY_PAIR_GENERATOR	VULNERABLE	DH	KEY_ESTABLISHMENT	DiffieHellman,1.2.840.113549.1.3.1,DH,OID.1.2.840.113549.1.3.1
KEY_PAIR_GENERATOR	VULNERABLE	EC	KEY_MATERIAL	EC,1.2.840.10045.2.1,EllipticCurve,OID.1.2.840.10045.2.1
KEY_PAIR_GENERATOR	VULNERABLE	EDDSA	SIGNATURE	Ed25519,1.3.101.112,OID.1.3.101.112
KEY_PAIR_GENERATOR	VULNERABLE	EDDSA	SIGNATURE	Ed448,1.3.101.113,OID.1.3.101.113
KEY_PAIR_GENERATOR	VULNERABLE	EDDSA	SIGNATURE	EdDSA
KEY_PAIR_GENERATOR	POST_QUANTUM	ML_DSA	-	ML-DSA
KEY_PAIR_GENERATOR	POST_QUANTUM	ML_DSA	-	ML-DSA-44,2.16.840.1.101.3.4.3.17,OID.2.16.840.1.101.3.4.3.17
KEY_PAIR_GENERATOR	POST_QUANTUM	ML_DSA	-	ML-DSA-65,2.16.840.1.101.3.4.3.18,OID.2.16.840.1.101.3.4.3.18
KEY_PAIR_GENERATOR	POST_QUANTUM	ML_DSA	-	ML-DSA-87,2.16.840.1.101.3.4.3.19,OID.2.16.840.1.101.3.4.3.19
KEY_PAIR_GENERATOR	POST_QUANTUM	ML_KEM	-	ML-KEM
KEY_PAIR_GENERATOR	POST_QUANTUM	ML_KEM	-	ML-KEM-1024,2.16.840.1.101.3.4.4.3,OID.2.16.840.1.101.3.4.4.3
KEY_PAIR_GENERATOR	POST_QUANTUM	ML_KEM	-	ML-KEM-512,2.16.840.1.101.3.4.4.1,OID.2.16.840.1.101.3.4.4.1
KEY_PAIR_GENERATOR	POST_QUANTUM	ML_KEM	-	ML-KEM-768,2.16.840.1.101.3.4.4.2,OID.2.16.840.1.101.3.4.4.2
KEY_PAIR_GENERATOR	VULNERABLE	RSA	KEY_MATERIAL	RSA,1.2.840.113549.1.1,1.2.840.113549.1.1.1,OID.1.2.840.113549.1.1
KEY_PAIR_GENERATOR	VULNERABLE	RSASSA_PSS	SIGNATURE	RSASSA-PSS,1.2.840.113549.1.1.10,OID.1.2.840.113549.1.1.10,PSS
KEY_PAIR_GENERATOR	VULNERABLE	XDH	KEY_ESTABLISHMENT	X25519,1.3.101.110,OID.1.3.101.110
KEY_PAIR_GENERATOR	VULNERABLE	XDH	KEY_ESTABLISHMENT	X448,1.3.101.111,OID.1.3.101.111
KEY_PAIR_GENERATOR	VULNERABLE	XDH	KEY_ESTABLISHMENT	XDH
KEY_FACTORY	VULNERABLE	DSA	SIGNATURE	DSA,1.2.840.10040.4.1,1.3.14.3.2.12,OID.1.2.840.10040.4.1
KEY_FACTORY	VULNERABLE	DH	KEY_ESTABLISHMENT	DiffieHellman,1.2.840.113549.1.3.1,DH,OID.1.2.840.113549.1.3.1
KEY_FACTORY	VULNERABLE	EC	KEY_MATERIAL	EC,1.2.840.10045.2.1,EllipticCurve,OID.1.2.840.10045.2.1
KEY_FACTORY	VULNERABLE	EDDSA	SIGNATURE	Ed25519,1.3.101.112,OID.1.3.101.112
KEY_FACTORY	VULNERABLE	EDDSA	SIGNATURE	Ed448,1.3.101.113,OID.1.3.101.113
KEY_FACTORY	VULNERABLE	EDDSA	SIGNATURE	EdDSA
KEY_FACTORY	POST_QUANTUM	HSS_LMS	-	HSS/LMS,1.2.840.113549.1.9.16.3.17,OID.1.2.840.113549.1.9.16.3.17
KEY_FACTORY	POST_QUANTUM	ML_DSA	-	ML-DSA
KEY_FACTORY	POST_QUANTUM	ML_DSA	-	ML-DSA-44,2.16.840.1.101.3.4.3.17,OID.2.16.840.1.101.3.4.3.17
KEY_FACTORY	POST_QUANTUM	ML_DSA	-	ML-DSA-65,2.16.840.1.101.3.4.3.18,OID.2.16.840.1.101.3.4.3.18
KEY_FACTORY	POST_QUANTUM	ML_DSA	-	ML-DSA-87,2.16.840.1.101.3.4.3.19,OID.2.16.840.1.101.3.4.3.19
KEY_FACTORY	POST_QUANTUM	ML_KEM	-	ML-KEM
KEY_FACTORY	POST_QUANTUM	ML_KEM	-	ML-KEM-1024,2.16.840.1.101.3.4.4.3,OID.2.16.840.1.101.3.4.4.3
KEY_FACTORY	POST_QUANTUM	ML_KEM	-	ML-KEM-512,2.16.840.1.101.3.4.4.1,OID.2.16.840.1.101.3.4.4.1
KEY_FACTORY	POST_QUANTUM	ML_KEM	-	ML-KEM-768,2.16.840.1.101.3.4.4.2,OID.2.16.840.1.101.3.4.4.2
KEY_FACTORY	VULNERABLE	RSA	KEY_MATERIAL	RSA,1.2.840.113549.1.1,1.2.840.113549.1.1.1,OID.1.2.840.113549.1.1
KEY_FACTORY	VULNERABLE	RSASSA_PSS	SIGNATURE	RSASSA-PSS,1.2.840.113549.1.1.10,OID.1.2.840.113549.1.1.10,PSS
KEY_FACTORY	VULNERABLE	XDH	KEY_ESTABLISHMENT	X25519,1.3.101.110,OID.1.3.101.110
KEY_FACTORY	VULNERABLE	XDH	KEY_ESTABLISHMENT	X448,1.3.101.111,OID.1.3.101.111
KEY_FACTORY	VULNERABLE	XDH	KEY_ESTABLISHMENT	XDH
ALGORITHM_PARAMETERS	VULNERABLE	DSA	SIGNATURE	DSA,1.2.840.10040.4.1,1.3.14.3.2.12,OID.1.2.840.10040.4.1
ALGORITHM_PARAMETERS	VULNERABLE	DH	KEY_ESTABLISHMENT	DiffieHellman,1.2.840.113549.1.3.1,DH,OID.1.2.840.113549.1.3.1
ALGORITHM_PARAMETERS	VULNERABLE	EC	KEY_MATERIAL	EC,1.2.840.10045.2.1,EllipticCurve,OID.1.2.840.10045.2.1
ALGORITHM_PARAMETERS	VULNERABLE	RSASSA_PSS	SIGNATURE	RSASSA-PSS,1.2.840.113549.1.1.10,OID.1.2.840.113549.1.1.10,PSS
ALGORITHM_PARAMETER_GENERATOR	VULNERABLE	DSA	SIGNATURE	DSA,1.2.840.10040.4.1,1.3.14.3.2.12,OID.1.2.840.10040.4.1
ALGORITHM_PARAMETER_GENERATOR	VULNERABLE	DH	KEY_ESTABLISHMENT	DiffieHellman,1.2.840.113549.1.3.1,DH,OID.1.2.840.113549.1.3.1
TLS_NAMED_GROUP	VULNERABLE	DH	KEY_ESTABLISHMENT	ffdhe2048
TLS_NAMED_GROUP	VULNERABLE	DH	KEY_ESTABLISHMENT	ffdhe3072
TLS_NAMED_GROUP	VULNERABLE	DH	KEY_ESTABLISHMENT	ffdhe4096
TLS_NAMED_GROUP	VULNERABLE	DH	KEY_ESTABLISHMENT	ffdhe6144
TLS_NAMED_GROUP	VULNERABLE	DH	KEY_ESTABLISHMENT	ffdhe8192
TLS_NAMED_GROUP	VULNERABLE	EC	KEY_ESTABLISHMENT	secp256r1
TLS_NAMED_GROUP	VULNERABLE	EC	KEY_ESTABLISHMENT	secp384r1
TLS_NAMED_GROUP	VULNERABLE	EC	KEY_ESTABLISHMENT	secp521r1
TLS_NAMED_GROUP	VULNERABLE	XDH	KEY_ESTABLISHMENT	x25519
TLS_NAMED_GROUP	VULNERABLE	XDH	KEY_ESTABLISHMENT	x448
TLS_SIGNATURE_SCHEME	VULNERABLE	DSA	SIGNATURE	dsa_sha1
TLS_SIGNATURE_SCHEME	VULNERABLE	DSA	SIGNATURE	dsa_sha256
TLS_SIGNATURE_SCHEME	VULNERABLE	EC	SIGNATURE	ecdsa_secp256r1_sha256
TLS_SIGNATURE_SCHEME	VULNERABLE	EC	SIGNATURE	ecdsa_secp384r1_sha384
TLS_SIGNATURE_SCHEME	VULNERABLE	EC	SIGNATURE	ecdsa_secp521r1_sha512
TLS_SIGNATURE_SCHEME	VULNERABLE	EC	SIGNATURE	ecdsa_sha1
TLS_SIGNATURE_SCHEME	VULNERABLE	EDDSA	SIGNATURE	ed25519
TLS_SIGNATURE_SCHEME	VULNERABLE	EDDSA	SIGNATURE	ed448
TLS_SIGNATURE_SCHEME	VULNERABLE	RSA	SIGNATURE	rsa_pkcs1_sha1
TLS_SIGNATURE_SCHEME	VULNERABLE	RSA	SIGNATURE	rsa_pkcs1_sha256
TLS_SIGNATURE_SCHEME	VULNERABLE	RSA	SIGNATURE	rsa_pkcs1_sha384
TLS_SIGNATURE_SCHEME	VULNERABLE	RSA	SIGNATURE	rsa_pkcs1_sha512
TLS_SIGNATURE_SCHEME	VULNERABLE	RSASSA_PSS	SIGNATURE	rsa_pss_pss_sha256
TLS_SIGNATURE_SCHEME	VULNERABLE	RSASSA_PSS	SIGNATURE	rsa_pss_pss_sha384
TLS_SIGNATURE_SCHEME	VULNERABLE	RSASSA_PSS	SIGNATURE	rsa_pss_pss_sha512
TLS_SIGNATURE_SCHEME	VULNERABLE	RSASSA_PSS	SIGNATURE	rsa_pss_rsae_sha256
TLS_SIGNATURE_SCHEME	VULNERABLE	RSASSA_PSS	SIGNATURE	rsa_pss_rsae_sha384
TLS_SIGNATURE_SCHEME	VULNERABLE	RSASSA_PSS	SIGNATURE	rsa_pss_rsae_sha512
XML_SIGNATURE_METHOD	VULNERABLE	DSA	SIGNATURE	http://www.w3.org/2000/09/xmldsig#dsa-sha1
XML_SIGNATURE_METHOD	VULNERABLE	DSA	SIGNATURE	http://www.w3.org/2009/xmldsig11#dsa-sha256
XML_SIGNATURE_METHOD	VULNERABLE	EC	SIGNATURE	http://www.w3.org/2001/04/xmldsig-more#ecdsa-sha1
XML_SIGNATURE_METHOD	VULNERABLE	EC	SIGNATURE	http://www.w3.org/2001/04/xmldsig-more#ecdsa-sha224
XML_SIGNATURE_METHOD	VULNERABLE	EC	SIGNATURE	http://www.w3.org/2001/04/xmldsig-more#ecdsa-sha256
XML_SIGNATURE_METHOD	VULNERABLE	EC	SIGNATURE	http://www.w3.org/2001/04/xmldsig-more#ecdsa-sha384
XML_SIGNATURE_METHOD	VULNERABLE	EC	SIGNATURE	http://www.w3.org/2021/04/xmldsig-more#ecdsa-sha3-224
XML_SIGNATURE_METHOD	VULNERABLE	EC	SIGNATURE	http://www.w3.org/2021/04/xmldsig-more#ecdsa-sha3-256
XML_SIGNATURE_METHOD	VULNERABLE	EC	SIGNATURE	http://www.w3.org/2021/04/xmldsig-more#ecdsa-sha3-384
XML_SIGNATURE_METHOD	VULNERABLE	EC	SIGNATURE	http://www.w3.org/2021/04/xmldsig-more#ecdsa-sha3-512
XML_SIGNATURE_METHOD	VULNERABLE	EC	SIGNATURE	http://www.w3.org/2001/04/xmldsig-more#ecdsa-sha512
XML_SIGNATURE_METHOD	VULNERABLE	EDDSA	SIGNATURE	http://www.w3.org/2021/04/xmldsig-more#eddsa-ed25519
XML_SIGNATURE_METHOD	VULNERABLE	EDDSA	SIGNATURE	http://www.w3.org/2021/04/xmldsig-more#eddsa-ed448
XML_SIGNATURE_METHOD	VULNERABLE	RSASSA_PSS	SIGNATURE	http://www.w3.org/2007/05/xmldsig-more#rsa-pss
XML_SIGNATURE_METHOD	VULNERABLE	RSA	SIGNATURE	http://www.w3.org/2000/09/xmldsig#rsa-sha1
XML_SIGNATURE_METHOD	VULNERABLE	RSA	SIGNATURE	http://www.w3.org/2001/04/xmldsig-more#rsa-sha224
XML_SIGNATURE_METHOD	VULNERABLE	RSA	SIGNATURE	http://www.w3.org/2001/04/xmldsig-more#rsa-sha256
XML_SIGNATURE_METHOD	VULNERABLE	RSA	SIGNATURE	http://www.w3.org/2001/04/xmldsig-more#rsa-sha384
XML_SIGNATURE_METHOD	VULNERABLE	RSA	SIGNATURE	http://www.w3.org/2001/04/xmldsig-more#rsa-sha512
XML_SIGNATURE_METHOD	VULNERABLE	RSASSA_PSS	SIGNATURE	http://www.w3.org/2007/05/xmldsig-more#sha1-rsa-MGF1
XML_SIGNATURE_METHOD	VULNERABLE	RSASSA_PSS	SIGNATURE	http://www.w3.org/2007/05/xmldsig-more#sha224-rsa-MGF1
XML_SIGNATURE_METHOD	VULNERABLE	RSASSA_PSS	SIGNATURE	http://www.w3.org/2007/05/xmldsig-more#sha256-rsa-MGF1
XML_SIGNATURE_METHOD	VULNERABLE	RSASSA_PSS	SIGNATURE	http://www.w3.org/2007/05/xmldsig-more#sha384-rsa-MGF1
XML_SIGNATURE_METHOD	VULNERABLE	RSASSA_PSS	SIGNATURE	http://www.w3.org/2007/05/xmldsig-more#sha3-224-rsa-MGF1
XML_SIGNATURE_METHOD	VULNERABLE	RSASSA_PSS	SIGNATURE	http://www.w3.org/2007/05/xmldsig-more#sha3-256-rsa-MGF1
XML_SIGNATURE_METHOD	VULNERABLE	RSASSA_PSS	SIGNATURE	http://www.w3.org/2007/05/xmldsig-more#sha3-384-rsa-MGF1
XML_SIGNATURE_METHOD	VULNERABLE	RSASSA_PSS	SIGNATURE	http://www.w3.org/2007/05/xmldsig-more#sha3-512-rsa-MGF1
XML_SIGNATURE_METHOD	VULNERABLE	RSASSA_PSS	SIGNATURE	http://www.w3.org/2007/05/xmldsig-more#sha512-rsa-MGF1
XML_SIGNATURE_METHOD	NOT_ASYMMETRIC	-	-	http://www.w3.org/2000/09/xmldsig#hmac-sha1
XML_SIGNATURE_METHOD	NOT_ASYMMETRIC	-	-	http://www.w3.org/2001/04/xmldsig-more#hmac-sha224
XML_SIGNATURE_METHOD	NOT_ASYMMETRIC	-	-	http://www.w3.org/2001/04/xmldsig-more#hmac-sha256
XML_SIGNATURE_METHOD	NOT_ASYMMETRIC	-	-	http://www.w3.org/2001/04/xmldsig-more#hmac-sha384
XML_SIGNATURE_METHOD	NOT_ASYMMETRIC	-	-	http://www.w3.org/2001/04/xmldsig-more#hmac-sha512
# JOSE/JWT algorithm constants (RFC 7518 names as JJWT and Nimbus spell them).
JOSE_SIGNATURE	VULNERABLE	RSA	SIGNATURE	RS256
JOSE_SIGNATURE	VULNERABLE	RSA	SIGNATURE	RS384
JOSE_SIGNATURE	VULNERABLE	RSA	SIGNATURE	RS512
JOSE_SIGNATURE	VULNERABLE	RSASSA_PSS	SIGNATURE	PS256
JOSE_SIGNATURE	VULNERABLE	RSASSA_PSS	SIGNATURE	PS384
JOSE_SIGNATURE	VULNERABLE	RSASSA_PSS	SIGNATURE	PS512
JOSE_SIGNATURE	VULNERABLE	EC	SIGNATURE	ES256
JOSE_SIGNATURE	VULNERABLE	EC	SIGNATURE	ES256K
JOSE_SIGNATURE	VULNERABLE	EC	SIGNATURE	ES384
JOSE_SIGNATURE	VULNERABLE	EC	SIGNATURE	ES512
JOSE_SIGNATURE	VULNERABLE	EDDSA	SIGNATURE	EdDSA
JOSE_SIGNATURE	VULNERABLE	EDDSA	SIGNATURE	Ed25519
JOSE_SIGNATURE	VULNERABLE	EDDSA	SIGNATURE	Ed448
JOSE_SIGNATURE	NOT_ASYMMETRIC	-	-	HS256,HS384,HS512,none
JOSE_KEY_MANAGEMENT	VULNERABLE	RSA	KEY_ESTABLISHMENT	RSA1_5,RSA1-5
JOSE_KEY_MANAGEMENT	VULNERABLE	RSA	KEY_ESTABLISHMENT	RSA-OAEP,RSA_OAEP
JOSE_KEY_MANAGEMENT	VULNERABLE	RSA	KEY_ESTABLISHMENT	RSA-OAEP-256,RSA_OAEP_256
JOSE_KEY_MANAGEMENT	VULNERABLE	RSA	KEY_ESTABLISHMENT	RSA-OAEP-384,RSA_OAEP_384
JOSE_KEY_MANAGEMENT	VULNERABLE	RSA	KEY_ESTABLISHMENT	RSA-OAEP-512,RSA_OAEP_512
JOSE_KEY_MANAGEMENT	VULNERABLE	EC	KEY_ESTABLISHMENT	ECDH-ES,ECDH_ES
JOSE_KEY_MANAGEMENT	VULNERABLE	EC	KEY_ESTABLISHMENT	ECDH-ES+A128KW,ECDH_ES_A128KW
JOSE_KEY_MANAGEMENT	VULNERABLE	EC	KEY_ESTABLISHMENT	ECDH-ES+A192KW,ECDH_ES_A192KW
JOSE_KEY_MANAGEMENT	VULNERABLE	EC	KEY_ESTABLISHMENT	ECDH-ES+A256KW,ECDH_ES_A256KW
JOSE_KEY_MANAGEMENT	NOT_ASYMMETRIC	-	-	A128KW,A192KW,A256KW,A128GCMKW,A192GCMKW,A256GCMKW,dir,PBES2-HS256+A128KW
